CVE_id,CVSS,From,Upto,cpe,cwe,patch,,description
CVE-2018-12900,8.8 HIGH,,, ?cpe:2.3:a:libtiff:libtiff:4.0.9:*:*:*:*:*:*:*,CWE-787,,,"Heap-based buffer overflow in the cpSeparateBufToContigBuf function in tiffcp.c in LibTIFF 3.9.3, 3.9.4, 3.9.5, 3.9.6, 3.9.7, 4.0.0beta7, 4.0.0alpha4, 4.0.0alpha5, 4.0.0alpha6, 4.0.0, 4.0.1, 4.0.2, 4.0.3, 4.0.4, 4.0.4beta, 4.0.5, 4.0.6, 4.0.7, 4.0.8 and 4.0.9 allows remote attackers to cause a denial of service (crash) or possibly have unspecified other impact via a crafted TIFF file."
CVE-2018-15209,8.8 HIGH,,, ?cpe:2.3:a:libtiff:libtiff:4.0.9:*:*:*:*:*:*:*,CWE-787,,,"ChopUpSingleUncompressedStrip in tif_dirread.c in LibTIFF 4.0.9 allows remote attackers to cause a denial of service (heap-based buffer overflow and application crash) or possibly have unspecified other impact via a crafted TIFF file, as demonstrated by tiff2pdf."
CVE-2018-16335,8.8 HIGH,,, ?cpe:2.3:a:libtiff:libtiff:4.0.9:*:*:*:*:*:*:*,CWE-787,http://bugzilla.maptools.org/show_bug.cgi?id=2809,,"newoffsets handling in ChopUpSingleUncompressedStrip in tif_dirread.c in LibTIFF 4.0.9 allows remote attackers to cause a denial of service (heap-based buffer overflow and application crash) or possibly have unspecified other impact via a crafted TIFF file, as demonstrated by tiff2pdf. This is a different vulnerability than CVE-2018-15209."
CVE-2018-17000,6.5 MEDIUM,,, ?cpe:2.3:a:libtiff:libtiff:4.0.9:*:*:*:*:*:*:*,CWE-476,,,A NULL pointer dereference in the function _TIFFmemcmp at tif_unix.c (called from TIFFWriteDirectoryTagTransferfunction) in LibTIFF 4.0.9 allows an attacker to cause a denial-of-service through a crafted tiff file. This vulnerability can be triggered by the executable tiffcp.
CVE-2018-17100,8.8 HIGH,,, ?cpe:2.3:a:libtiff:libtiff:4.0.9:*:*:*:*:*:*:*,CWE-190,"http://bugzilla.maptools.org/show_bug.cgi?id=2810,https://gitlab.com/libtiff/libtiff/merge_requests/33/diffs?commit_id=6da1fb3f64d43be37e640efbec60400d1f1ac39e",,"An issue was discovered in LibTIFF 4.0.9. There is a int32 overflow in multiply_ms in tools/ppm2tiff.c, which can cause a denial of service (crash) or possibly have unspecified other impact via a crafted image file."
CVE-2018-17101,8.8 HIGH,,, ?cpe:2.3:a:libtiff:libtiff:4.0.9:*:*:*:*:*:*:*,CWE-787,"http://bugzilla.maptools.org/show_bug.cgi?id=2807,https://gitlab.com/libtiff/libtiff/merge_requests/33/diffs?commit_id=f1b94e8a3ba49febdd3361c0214a1d1149251577",,"An issue was discovered in LibTIFF 4.0.9. There are two out-of-bounds writes in cpTags in tools/tiff2bw.c and tools/pal2rgb.c, which can cause a denial of service (application crash) or possibly have unspecified other impact via a crafted image file."
CVE-2018-17795,8.8 HIGH,,, ?cpe:2.3:a:libtiff:libtiff:4.0.9:*:*:*:*:*:*:*,CWE-787,,,"The function t2p_write_pdf in tiff2pdf.c in LibTIFF 4.0.9 and earlier allows remote attackers to cause a denial of service (heap-based buffer overflow and application crash) or possibly have unspecified other impact via a crafted TIFF file, a similar issue to CVE-2017-9935."
CVE-2018-18557,8.8 HIGH,,, ?cpe:2.3:a:libtiff:libtiff:4.0.9:*:*:*:*:*:*:*,CWE-787,,,"LibTIFF 3.9.3, 3.9.4, 3.9.5, 3.9.6, 3.9.7, 4.0.0alpha4, 4.0.0alpha5, 4.0.0alpha6, 4.0.0beta7, 4.0.0, 4.0.1, 4.0.2, 4.0.3, 4.0.4, 4.0.4beta, 4.0.5, 4.0.6, 4.0.7, 4.0.8 and 4.0.9 (with JBIG enabled) decodes arbitrarily-sized JBIG into a buffer, ignoring the buffer size, which leads to a tif_jbig.c JBIGDecode out-of-bounds write."
CVE-2018-18661,6.5 MEDIUM,,, ?cpe:2.3:a:libtiff:libtiff:4.0.9:*:*:*:*:*:*:*,CWE-476,http://bugzilla.maptools.org/show_bug.cgi?id=2819,,An issue was discovered in LibTIFF 4.0.9. There is a NULL pointer dereference in the function LZWDecode in the file tif_lzw.c.
CVE-2018-19210,6.5 MEDIUM,,, ?cpe:2.3:a:libtiff:libtiff:4.0.9:*:*:*:*:*:*:*,CWE-476,,,"In LibTIFF 4.0.9, there is a NULL pointer dereference in the TIFFWriteDirectorySec function in tif_dirwrite.c that will lead to a denial of service attack, as demonstrated by tiffset."
CVE-2019-6128,8.8 HIGH,,, ?cpe:2.3:a:libtiff:libtiff:4.0.10:*:*:*:*:*:*:*,CWE-401,https://gitlab.com/libtiff/libtiff/commit/0c74a9f49b8d7a36b17b54a7428b3526d20f88a8,,"The TIFFFdOpen function in tif_unix.c in LibTIFF 4.0.10 has a memory leak, as demonstrated by pal2rgb."
CVE-2019-7663,6.5 MEDIUM,,, ?cpe:2.3:a:libtiff:libtiff:4.0.10:*:*:*:*:*:*:*,,"http://bugzilla.maptools.org/show_bug.cgi?id=2833,https://gitlab.com/libtiff/libtiff/commit/802d3cbf3043be5dce5317e140ccb1c17a6a2d39",,"An Invalid Address dereference was discovered in TIFFWriteDirectoryTagTransferfunction in libtiff/tif_dirwrite.c in LibTIFF 4.0.10, affecting the cpSeparateBufToContigBuf function in tiffcp.c. Remote attackers could leverage this vulnerability to cause a denial-of-service via a crafted tiff file. This is different from CVE-2018-12900."
CVE-2017-16232,7.5 HIGH,,, ?cpe:2.3:a:libtiff:libtiff:4.0.8:*:*:*:*:*:*:*,CWE-772,"http://seclists.org/fulldisclosure/2018/Dec/32,http://seclists.org/fulldisclosure/2018/Dec/47",,"** DISPUTED ** LibTIFF 4.0.8 has multiple memory leak vulnerabilities, which allow attackers to cause a denial of service (memory consumption), as demonstrated by tif_open.c, tif_lzw.c, and tif_aux.c. NOTE: Third parties were unable to reproduce the issue."
CVE-2019-14973,6.5 MEDIUM,,"Up to (including),4.0.10", ?cpe:2.3:a:libtiff:libtiff:*:*:*:*:*:*:*:*,CWE-190,https://gitlab.com/libtiff/libtiff/merge_requests/90,,"_TIFFCheckMalloc and _TIFFCheckRealloc in tif_aux.c in LibTIFF through 4.0.10 mishandle Integer Overflow checks because they rely on compiler behavior that is undefined by the applicable C standards. This can, for example, lead to an application crash."
CVE-2019-17546,8.8 HIGH,,"Up to (excluding),4.1.0", ?cpe:2.3:a:libtiff:libtiff:*:*:*:*:*:*:*:*,CWE-190,"https://github.com/OSGeo/gdal/commit/21674033ee246f698887604c7af7ba1962a40ddf,https://gitlab.com/libtiff/libtiff/commit/4bb584a35f87af42d6cf09d15e9ce8909a839145",,"tif_getimage.c in LibTIFF through 4.0.10, as used in GDAL through 3.0.1 and other products, has an integer overflow that potentially causes a heap-based buffer overflow via a crafted RGBA image, related to a ""Negative-size-param"" condition."
CVE-2014-8128,6.5 MEDIUM,,"Up to (excluding),4.0.4", ?cpe:2.3:a:libtiff:libtiff:*:*:*:*:*:*:*:*,CWE-787,https://bugzilla.redhat.com/show_bug.cgi?id=1185812,,"LibTIFF prior to 4.0.4, as used in Apple iOS before 8.4 and OS X before 10.10.4 and other products, allows remote attackers to cause a denial of service (out-of-bounds write) via a crafted TIFF image."
CVE-2020-35521,5.5 MEDIUM,,"Up to (excluding),4.2.0", ?cpe:2.3:a:libtiff:libtiff:*:*:*:*:*:*:*:*,CWE-119,https://bugzilla.redhat.com/show_bug.cgi?id=1932034,,"A flaw was found in libtiff. Due to a memory allocation failure in tif_read.c, a crafted TIFF file can lead to an abort, resulting in denial of service."
CVE-2020-35522,5.5 MEDIUM,,"Up to (excluding),4.2.0", ?cpe:2.3:a:libtiff:libtiff:*:*:*:*:*:*:*:*,CWE-119,https://bugzilla.redhat.com/show_bug.cgi?id=1932037,,"In LibTIFF, there is a memory malloc failure in tif_pixarlog.c. A crafted TIFF document can lead to an abort, resulting in a remote denial of service attack."
CVE-2020-35523,7.8 HIGH,,"Up to (excluding),4.2.0", ?cpe:2.3:a:libtiff:libtiff:*:*:*:*:*:*:*:*,CWE-190,"https://bugzilla.redhat.com/show_bug.cgi?id=1932040,https://gitlab.com/libtiff/libtiff/-/commit/c8d613ef497058fe653c467fc84c70a62a4a71b2,https://gitlab.com/libtiff/libtiff/-/merge_requests/160",,"An integer overflow flaw was found in libtiff that exists in the tif_getimage.c file. This flaw allows an attacker to inject and execute arbitrary code when a user opens a crafted TIFF file. The highest threat from this vulnerability is to confidentiality, integrity, as well as system availability."
CVE-2020-35524,7.8 HIGH,,"Up to (excluding),4.2.0", ?cpe:2.3:a:libtiff:libtiff:*:*:*:*:*:*:*:*,CWE-787,"https://bugzilla.redhat.com/show_bug.cgi?id=1932044,https://gitlab.com/libtiff/libtiff/-/merge_requests/159,https://gitlab.com/rzkn/libtiff/-/commit/7be2e452ddcf6d7abca88f41d3761e6edab72b22",,"A heap-based buffer overflow flaw was found in libtiff in the handling of TIFF images in libtiff's TIFF2PDF tool. A specially crafted TIFF file can lead to arbitrary code execution. The highest threat from this vulnerability is to confidentiality, integrity, as well as system availability."
CVE-2017-11335,8.8 HIGH,,, ?cpe:2.3:a:libtiff:libtiff:4.0.8:*:*:*:*:*:*:*,CWE-787,,,"There is a heap based buffer overflow in tools/tiff2pdf.c of LibTIFF 4.0.8 via a PlanarConfig=Contig image, which causes a more than one hundred bytes out-of-bounds write (related to the ZIPDecode function in tif_zip.c). A crafted input may lead to a remote denial of service attack or an arbitrary code execution attack."
CVE-2017-11613,6.5 MEDIUM,,, ?cpe:2.3:a:libtiff:libtiff:4.0.8:*:*:*:*:*:*:*,CWE-20,,,"In LibTIFF 4.0.8, there is a denial of service vulnerability in the TIFFOpen function. A crafted input will lead to a denial of service attack. During the TIFFOpen process, td_imagelength is not checked. The value of td_imagelength can be directly controlled by an input file. In the ChopUpSingleUncompressedStrip function, the _TIFFCheckMalloc function is called based on td_imagelength. If we set the value of td_imagelength close to the amount of system memory, it will hang the system or trigger the OOM killer."
CVE-2017-12944,7.5 HIGH,,, ?cpe:2.3:a:libtiff:libtiff:4.0.8:*:*:*:*:*:*:*,CWE-770,,,"The TIFFReadDirEntryArray function in tif_read.c in LibTIFF 4.0.8 mishandles memory allocation for short files, which allows remote attackers to cause a denial of service (allocation failure and application crash) in the TIFFFetchStripThing function in tif_dirread.c during a tiff2pdf invocation."
CVE-2017-13726,6.5 MEDIUM,,, ?cpe:2.3:a:libtiff:libtiff:4.0.8:*:*:*:*:*:*:*,CWE-617,,,"There is a reachable assertion abort in the function TIFFWriteDirectorySec() in LibTIFF 4.0.8, related to tif_dirwrite.c and a SubIFD tag. A crafted input will lead to a remote denial of service attack."
CVE-2017-13727,6.5 MEDIUM,,, ?cpe:2.3:a:libtiff:libtiff:4.0.8:*:*:*:*:*:*:*,CWE-617,,,"There is a reachable assertion abort in the function TIFFWriteDirectoryTagSubifd() in LibTIFF 4.0.8, related to tif_dirwrite.c and a SubIFD tag. A crafted input will lead to a remote denial of service attack."
CVE-2017-17095,8.8 HIGH,,, ?cpe:2.3:a:libtiff:libtiff:4.0.9:*:*:*:*:*:*:*,CWE-119,,,tools/pal2rgb.c in pal2rgb in LibTIFF 4.0.9 allows remote attackers to cause a denial of service (TIFFSetupStrips heap-based buffer overflow and application crash) or possibly have unspecified other impact via a crafted TIFF file.
CVE-2017-17942,8.8 HIGH,,, ?cpe:2.3:a:libtiff:libtiff:4.0.9:*:*:*:*:*:*:*,CWE-125,,,"In LibTIFF 4.0.9, there is a heap-based buffer over-read in the function PackBitsEncode in tif_packbits.c."
CVE-2017-17973,8.8 HIGH,,, ?cpe:2.3:a:libtiff:libtiff:4.0.8:*:*:*:*:*:*:*,CWE-416,,,"** DISPUTED ** In LibTIFF 4.0.8, there is a heap-based use-after-free in the t2p_writeproc function in tiff2pdf.c. NOTE: there is a third-party report of inability to reproduce this issue."
CVE-2017-18013,6.5 MEDIUM,,, ?cpe:2.3:a:libtiff:libtiff:4.0.9:*:*:*:*:*:*:*,CWE-476,"http://bugzilla.maptools.org/show_bug.cgi?id=2770,https://gitlab.com/libtiff/libtiff/commit/c6f41df7b581402dfba3c19a1e3df4454c551a01",,"In LibTIFF 4.0.9, there is a Null-Pointer Dereference in the tif_print.c TIFFPrintDirectory function, as demonstrated by a tiffinfo crash."
CVE-2018-5360,8.8 HIGH,,"Up to (excluding),4.0.6", ?cpe:2.3:a:libtiff:libtiff:*:*:*:*:*:*:*:*,CWE-125,https://gitlab.com/libtiff/libtiff/commit/739dcd28a061738b317c1e9f91029d9cbc157159,,"LibTIFF before 4.0.6 mishandles the reading of TIFF files, as demonstrated by a heap-based buffer over-read in the ReadTIFFImage function in coders/tiff.c in GraphicsMagick 1.3.27."
CVE-2018-5784,6.5 MEDIUM,,, ?cpe:2.3:a:libtiff:libtiff:4.0.9:*:*:*:*:*:*:*,CWE-400,https://gitlab.com/libtiff/libtiff/commit/473851d211cf8805a161820337ca74cc9615d6ef,,"In LibTIFF 4.0.9, there is an uncontrolled resource consumption in the TIFFSetDirectory function of tif_dir.c. Remote attackers could leverage this vulnerability to cause a denial of service via a crafted tif file. This occurs because the declared number of directory entries is not validated against the actual number of directory entries."
CVE-2018-7456,6.5 MEDIUM,,, ?cpe:2.3:a:libtiff:libtiff:4.0.9:*:*:*:*:*:*:*,CWE-476,https://gitlab.com/libtiff/libtiff/commit/be4c85b16e8801a16eec25e80eb9f3dd6a96731b,,"A NULL Pointer Dereference occurs in the function TIFFPrintDirectory in tif_print.c in LibTIFF 3.9.3, 3.9.4, 3.9.5, 3.9.6, 3.9.7, 4.0.0alpha4, 4.0.0alpha5, 4.0.0alpha6, 4.0.0beta7, 4.0.0, 4.0.1, 4.0.2, 4.0.3, 4.0.4, 4.0.4beta, 4.0.5, 4.0.6, 4.0.7, 4.0.8 and 4.0.9 when using the tiffinfo tool to print crafted TIFF information, a different vulnerability than CVE-2017-18013. (This affects an earlier part of the TIFFPrintDirectory function that was not addressed by the CVE-2017-18013 patch.)"
CVE-2014-8129,8.8 HIGH,,, ?cpe:2.3:a:libtiff:libtiff:4.0.3:*:*:*:*:*:*:*,CWE-787,https://bugzilla.redhat.com/show_bug.cgi?id=1185815,,"LibTIFF 4.0.3 allows remote attackers to cause a denial of service (out-of-bounds write) or possibly have unspecified other impact via a crafted TIFF image, as demonstrated by failure of tif_next.c to verify that the BitsPerSample value is 2, and the t2p_sample_lab_signed_to_unsigned function in tiff2pdf.c."
CVE-2014-8130,6.5 MEDIUM,,, ?cpe:2.3:a:libtiff:libtiff:4.0.3:*:*:*:*:*:*:*,CWE-369,"https://bugzilla.redhat.com/show_bug.cgi?id=1185817,https://github.com/vadz/libtiff/commit/3c5eb8b1be544e41d2c336191bc4936300ad7543",,"The _TIFFmalloc function in tif_unix.c in LibTIFF 4.0.3 does not reject a zero size, which allows remote attackers to cause a denial of service (divide-by-zero error and application crash) via a crafted TIFF image that is mishandled by the TIFFWriteScanline function in tif_write.c, as demonstrated by tiffdither."
CVE-2016-5314,8.8 HIGH,,"Up to (including),4.0.6", ?cpe:2.3:a:libtiff:libtiff:*:*:*:*:*:*:*:*,CWE-787,https://github.com/vadz/libtiff/commit/391e77fcd217e78b2c51342ac3ddb7100ecacdd2,,"Buffer overflow in the PixarLogDecode function in tif_pixarlog.c in LibTIFF 4.0.6 and earlier allows remote attackers to cause a denial of service (application crash) or possibly have unspecified other impact via a crafted TIFF image, as demonstrated by overwriting the vgetparent function pointer with rgb2ycbcr."
CVE-2018-8905,8.8 HIGH,,, ?cpe:2.3:a:libtiff:libtiff:4.0.9:*:*:*:*:*:*:*,CWE-787,https://gitlab.com/libtiff/libtiff/commit/58a898cb4459055bb488ca815c23b880c242a27d,,"In LibTIFF 4.0.9, a heap-based buffer overflow occurs in the function LZWDecodeCompat in tif_lzw.c via a crafted TIFF file, as demonstrated by tiff2ps."
CVE-2018-10126,6.5 MEDIUM,,, ?cpe:2.3:a:libtiff:libtiff:4.0.9:*:*:*:*:*:*:*,CWE-476,,,LibTIFF 4.0.9 has a NULL pointer dereference in the jpeg_fdct_16x16 function in jfdctint.c.
CVE-2018-10779,6.5 MEDIUM,,, ?cpe:2.3:a:libtiff:libtiff:3.8.2:*:*:*:*:*:*:*,CWE-125,,,"TIFFWriteScanline in tif_write.c in LibTIFF 3.8.2 has a heap-based buffer over-read, as demonstrated by bmp2tiff."
CVE-2018-10801,6.5 MEDIUM,,, ?cpe:2.3:a:libtiff:libtiff:3.8.2:*:*:*:*:*:*:*,CWE-772,,,"TIFFClientOpen in tif_unix.c in LibTIFF 3.8.2 has memory leaks, as demonstrated by bmp2tiff."
CVE-2018-10963,6.5 MEDIUM,,"Up to (including),4.0.9", ?cpe:2.3:a:libtiff:libtiff:*:*:*:*:*:*:*:*,CWE-617,,,"The TIFFWriteDirectorySec() function in tif_dirwrite.c in LibTIFF through 4.0.9 allows remote attackers to cause a denial of service (assertion failure and application crash) via a crafted file, a different vulnerability than CVE-2017-13726."
CVE-2017-7595,5.5 MEDIUM,,, ?cpe:2.3:a:libtiff:libtiff:4.0.7:*:*:*:*:*:*:*,CWE-369,https://blogs.gentoo.org/ago/2017/04/01/libtiff-divide-by-zero-in-jpegsetupencode-tiff_jpeg-c,,The JPEGSetupEncode function in tiff_jpeg.c in LibTIFF 4.0.7 allows remote attackers to cause a denial of service (divide-by-zero error and application crash) via a crafted image.
CVE-2017-7596,7.8 HIGH,,, ?cpe:2.3:a:libtiff:libtiff:4.0.7:*:*:*:*:*:*:*,CWE-20,https://blogs.gentoo.org/ago/2017/04/01/libtiff-multiple-ubsan-crashes,,"LibTIFF 4.0.7 has an ""outside the range of representable values of type float"" undefined behavior issue, which might allow remote attackers to cause a denial of service (application crash) or possibly have unspecified other impact via a crafted image."
CVE-2017-7597,7.8 HIGH,,, ?cpe:2.3:a:libtiff:libtiff:4.0.7:*:*:*:*:*:*:*,CWE-20,https://blogs.gentoo.org/ago/2017/04/01/libtiff-multiple-ubsan-crashes,,"tif_dirread.c in LibTIFF 4.0.7 has an ""outside the range of representable values of type float"" undefined behavior issue, which might allow remote attackers to cause a denial of service (application crash) or possibly have unspecified other impact via a crafted image."
CVE-2017-7598,7.8 HIGH,,, ?cpe:2.3:a:libtiff:libtiff:4.0.7:*:*:*:*:*:*:*,CWE-369,https://blogs.gentoo.org/ago/2017/04/01/libtiff-multiple-ubsan-crashes,,tif_dirread.c in LibTIFF 4.0.7 might allow remote attackers to cause a denial of service (divide-by-zero error and application crash) via a crafted image.
CVE-2017-7599,7.8 HIGH,,, ?cpe:2.3:a:libtiff:libtiff:4.0.7:*:*:*:*:*:*:*,CWE-20,https://blogs.gentoo.org/ago/2017/04/01/libtiff-multiple-ubsan-crashes,,"LibTIFF 4.0.7 has an ""outside the range of representable values of type short"" undefined behavior issue, which might allow remote attackers to cause a denial of service (application crash) or possibly have unspecified other impact via a crafted image."
CVE-2017-7600,7.8 HIGH,,, ?cpe:2.3:a:libtiff:libtiff:4.0.7:*:*:*:*:*:*:*,CWE-20,https://blogs.gentoo.org/ago/2017/04/01/libtiff-multiple-ubsan-crashes,,"LibTIFF 4.0.7 has an ""outside the range of representable values of type unsigned char"" undefined behavior issue, which might allow remote attackers to cause a denial of service (application crash) or possibly have unspecified other impact via a crafted image."
CVE-2017-7601,7.8 HIGH,,, ?cpe:2.3:a:libtiff:libtiff:4.0.7:*:*:*:*:*:*:*,CWE-20,https://blogs.gentoo.org/ago/2017/04/01/libtiff-multiple-ubsan-crashes,,"LibTIFF 4.0.7 has a ""shift exponent too large for 64-bit type long"" undefined behavior issue, which might allow remote attackers to cause a denial of service (application crash) or possibly have unspecified other impact via a crafted image."
CVE-2017-7602,7.8 HIGH,,, ?cpe:2.3:a:libtiff:libtiff:4.0.7:*:*:*:*:*:*:*,CWE-190,https://blogs.gentoo.org/ago/2017/04/01/libtiff-multiple-ubsan-crashes,,"LibTIFF 4.0.7 has a signed integer overflow, which might allow remote attackers to cause a denial of service (application crash) or possibly have unspecified other impact via a crafted image."
CVE-2016-5322,5.5 MEDIUM,,"Up to (including),4.0.6", ?cpe:2.3:a:libtiff:libtiff:*:*:*:*:*:*:*:*,CWE-125,,,The setByteArray function in tif_dir.c in libtiff 4.0.6 and earlier allows remote attackers to cause a denial of service (out-of-bounds read) via a crafted tiff image.
CVE-2016-10371,5.5 MEDIUM,,, ?cpe:2.3:a:libtiff:libtiff:4.0.6:*:*:*:*:*:*:*,CWE-20,,,The TIFFWriteDirectoryTagCheckedRational function in tif_dirwrite.c in LibTIFF 4.0.6 allows remote attackers to cause a denial of service (assertion failure and application exit) via a crafted TIFF file.
CVE-2017-9117,9.8 CRITICAL,,, ?cpe:2.3:a:libtiff:libtiff:4.0.7:*:*:*:*:*:*:*,CWE-125,,,"In LibTIFF 4.0.7, the program processes BMP images without verifying that biWidth and biHeight in the bitmap-information header match the actual input, leading to a heap-based buffer over-read in bmp2tiff."
CVE-2017-9147,6.5 MEDIUM,,, ?cpe:2.3:a:libtiff:libtiff:4.0.7:*:*:*:*:*:*:*,CWE-125,,,"LibTIFF 4.0.7 has an invalid read in the _TIFFVGetField function in tif_dir.c, which might allow remote attackers to cause a denial of service (crash) via a crafted TIFF file."
CVE-2017-9403,6.5 MEDIUM,,, ?cpe:2.3:a:libtiff:libtiff:4.0.7:*:*:*:*:*:*:*,CWE-772,,,"In LibTIFF 4.0.7, a memory leak vulnerability was found in the function TIFFReadDirEntryLong8Array in tif_dirread.c, which allows attackers to cause a denial of service via a crafted file."
CVE-2017-9404,6.5 MEDIUM,,, ?cpe:2.3:a:libtiff:libtiff:4.0.7:*:*:*:*:*:*:*,CWE-772,,,"In LibTIFF 4.0.7, a memory leak vulnerability was found in the function OJPEGReadHeaderInfoSecTablesQTable in tif_ojpeg.c, which allows attackers to cause a denial of service via a crafted file."
CVE-2017-9815,6.5 MEDIUM,,, ?cpe:2.3:a:libtiff:libtiff:4.0.7:*:*:*:*:*:*:*,CWE-772,,,"In LibTIFF 4.0.7, the TIFFReadDirEntryLong8Array function in libtiff/tif_dirread.c mishandles a malloc operation, which allows attackers to cause a denial of service (memory leak within the function _TIFFmalloc in tif_unix.c) via a crafted file."
CVE-2017-9935,8.8 HIGH,,"Up to (including),4.0.8", ?cpe:2.3:a:libtiff:libtiff:*:*:*:*:*:*:*:*,CWE-125,http://bugzilla.maptools.org/show_bug.cgi?id=2704,,"In LibTIFF 4.0.8, there is a heap-based buffer overflow in the t2p_write_pdf function in tools/tiff2pdf.c. This heap overflow could lead to different damages. For example, a crafted TIFF document can lead to an out-of-bounds read in TIFFCleanup, an invalid free in TIFFClose or t2p_free, memory corruption in t2p_readwrite_pdf_image, or a double free in t2p_free. Given these possibilities, it probably could cause arbitrary code execution."
CVE-2017-9936,6.5 MEDIUM,,, ?cpe:2.3:a:libtiff:libtiff:4.0.8:*:*:*:*:*:*:*,CWE-772,,,"In LibTIFF 4.0.8, there is a memory leak in tif_jbig.c. A crafted TIFF document can lead to a memory leak resulting in a remote denial of service attack."
CVE-2017-9937,6.5 MEDIUM,,"Up to (including),4.0.8", ?cpe:2.3:a:libtiff:libtiff:*:*:*:*:*:*:*:*,CWE-119,,,"In LibTIFF 4.0.8, there is a memory malloc failure in tif_jbig.c. A crafted TIFF document can lead to an abort resulting in a remote denial of service attack."
CVE-2014-8127,6.5 MEDIUM,,, ?cpe:2.3:a:libtiff:libtiff:4.0.3:*:*:*:*:*:*:*,CWE-125,,,"LibTIFF 4.0.3 allows remote attackers to cause a denial of service (out-of-bounds read and crash) via a crafted TIFF image to the (1) checkInkNamesString function in tif_dir.c in the thumbnail tool, (2) compresscontig function in tiff2bw.c in the tiff2bw tool, (3) putcontig8bitCIELab function in tif_getimage.c in the tiff2rgba tool, LZWPreDecode function in tif_lzw.c in the (4) tiff2ps or (5) tiffdither tool, (6) NeXTDecode function in tif_next.c in the tiffmedian tool, or (7) TIFFWriteDirectoryTagLongLong8Array function in tif_dirwrite.c in the tiffset tool."
CVE-2017-10688,7.5 HIGH,,, ?cpe:2.3:a:libtiff:libtiff:4.0.8:*:*:*:*:*:*:*,CWE-20,,,"In LibTIFF 4.0.8, there is a assertion abort in the TIFFWriteDirectoryTagCheckedLong8Array function in tif_dirwrite.c. A crafted input will lead to a remote denial of service attack."
CVE-2016-9448,7.5 HIGH,,, ?cpe:2.3:a:libtiff:libtiff:4.0.6:*:*:*:*:*:*:*,CWE-476,,,The TIFFFetchNormalTag function in LibTiff 4.0.6 allows remote attackers to cause a denial of service (NULL pointer dereference and crash) by setting the tags TIFF_SETGET_C16ASCII or TIFF_SETGET_C32_ASCII to values that access 0-byte arrays.  NOTE: this vulnerability exists because of an incomplete fix for CVE-2016-9297.
CVE-2016-9453,7.8 HIGH,,"Up to (excluding),4.0.7", ?cpe:2.3:a:libtiff:libtiff:*:*:*:*:*:*:*:*,CWE-787,,,The t2p_readwrite_pdf_image_tile function in LibTIFF allows remote attackers to cause a denial of service (out-of-bounds write and crash) or possibly execute arbitrary code via a JPEG file with a TIFFTAG_JPEGTABLES of length one.
CVE-2016-5102,5.5 MEDIUM,,"Up to (including),4.0.6", ?cpe:2.3:a:libtiff:libtiff:*:*:*:*:*:*:*:*,CWE-20,,,Buffer overflow in the readgifimage function in gif2tiff.c in the gif2tiff tool in LibTIFF 4.0.6 allows remote attackers to cause a denial of service (segmentation fault) via a crafted gif file.
CVE-2016-9532,5.5 MEDIUM,,"Up to (including),4.0.6", ?cpe:2.3:a:libtiff:libtiff:*:*:*:*:*:*:*:*,CWE-125,https://bugzilla.redhat.com/show_bug.cgi?id=1397726,,Integer overflow in the writeBufferToSeparateStrips function in tiffcrop.c in LibTIFF before 4.0.7 allows remote attackers to cause a denial of service (out-of-bounds read) via a crafted tif file.
CVE-2016-10092,7.8 HIGH,,, ?cpe:2.3:a:libtiff:libtiff:4.0.7:*:*:*:*:*:*:*,CWE-119,"https://blogs.gentoo.org/ago/2017/01/01/libtiff-multiple-heap-based-buffer-overflow/,https://github.com/vadz/libtiff/commit/9657bbe3cdce4aaa90e07d50c1c70ae52da0ba6a",,"Heap-based buffer overflow in the readContigStripsIntoBuffer function in tif_unix.c in LibTIFF 4.0.7, 3.9.3, 3.9.4, 3.9.5, 3.9.6, 3.9.7, 4.0.0alpha4, 4.0.0alpha5, 4.0.0alpha6, 4.0.0beta7, 4.0.0, 4.0.1, 4.0.2, 4.0.3, 4.0.4, 4.0.4beta, 4.0.5 and 4.0.6 allows remote attackers to have unspecified impact via a crafted image."
CVE-2016-10093,7.8 HIGH,,, ?cpe:2.3:a:libtiff:libtiff:4.0.7:*:*:*:*:*:*:*,CWE-190,"https://blogs.gentoo.org/ago/2017/01/01/libtiff-multiple-heap-based-buffer-overflow/,https://github.com/vadz/libtiff/commit/787c0ee906430b772f33ca50b97b8b5ca070faec",,"Integer overflow in tools/tiffcp.c in LibTIFF 4.0.7, 3.9.3, 3.9.4, 3.9.5, 3.9.6, 3.9.7, 4.0.0alpha4, 4.0.0alpha5, 4.0.0alpha6, 4.0.0beta7, 4.0.0, 4.0.1, 4.0.2, 4.0.3, 4.0.4, 4.0.4beta, 4.0.5 and 4.0.6 allows remote attackers to have unspecified impact via a crafted image, which triggers a heap-based buffer overflow."
CVE-2016-10094,7.8 HIGH,,, ?cpe:2.3:a:libtiff:libtiff:4.0.7:*:*:*:*:*:*:*,CWE-189,https://github.com/vadz/libtiff/commit/c7153361a4041260719b340f73f2f76,,Off-by-one error in the t2p_readwrite_pdf_image_tile function in tools/tiff2pdf.c in LibTIFF 4.0.7 allows remote attackers to have unspecified impact via a crafted image.
CVE-2016-10095,5.5 MEDIUM,,, ?cpe:2.3:a:libtiff:libtiff:4.0.7:*:*:*:*:*:*:*,CWE-119,,,"Stack-based buffer overflow in the _TIFFVGetField function in tif_dir.c in LibTIFF 4.0.0alpha4, 4.0.0alpha5, 4.0.0alpha6, 4.0.0beta7, 4.0.0, 4.0.1, 4.0.2, 4.0.3, 4.0.4, 4.0.4beta, 4.0.5, 4.0.6, 4.0.7 and 4.0.8 allows remote attackers to cause a denial of service (crash) via a crafted TIFF file."
CVE-2016-5315,5.5 MEDIUM,,"Up to (including),4.0.6", ?cpe:2.3:a:libtiff:libtiff:*:*:*:*:*:*:*:*,CWE-125,,,The setByteArray function in tif_dir.c in libtiff 4.0.6 and earlier allows remote attackers to cause a denial of service (out-of-bounds read) via a crafted tiff image.
CVE-2015-7313,5.5 MEDIUM,,, ?cpe:2.3:a:libtiff:libtiff:-:*:*:*:*:*:*:*,CWE-399,,,LibTIFF allows remote attackers to cause a denial of service (memory consumption and crash) via a crafted tiff file.
CVE-2016-10266,5.5 MEDIUM,,, ?cpe:2.3:a:libtiff:libtiff:4.0.7:*:*:*:*:*:*:*,CWE-369,"https://blogs.gentoo.org/ago/2017/01/01/libtiff-multiple-divide-by-zero,https://github.com/vadz/libtiff/commit/438274f938e046d33cb0e1230b41da32ffe223e1",,"LibTIFF 4.0.7 allows remote attackers to cause a denial of service (divide-by-zero error and application crash) via a crafted TIFF image, related to libtiff/tif_read.c:351:22."
CVE-2016-10267,5.5 MEDIUM,,, ?cpe:2.3:a:libtiff:libtiff:4.0.7:*:*:*:*:*:*:*,CWE-369,"https://blogs.gentoo.org/ago/2017/01/01/libtiff-multiple-divide-by-zero,https://github.com/vadz/libtiff/commit/43bc256d8ae44b92d2734a3c5bc73957a4d7c1ec",,"LibTIFF 4.0.7 allows remote attackers to cause a denial of service (divide-by-zero error and application crash) via a crafted TIFF image, related to libtiff/tif_ojpeg.c:816:8."
CVE-2016-10268,7.8 HIGH,,, ?cpe:2.3:a:libtiff:libtiff:4.0.7:*:*:*:*:*:*:*,CWE-191,"https://blogs.gentoo.org/ago/2017/01/01/libtiff-multiple-heap-based-buffer-overflow/,https://github.com/vadz/libtiff/commit/5397a417e61258c69209904e652a1f409ec3b9df",,"tools/tiffcp.c in LibTIFF 4.0.7 allows remote attackers to cause a denial of service (integer underflow and heap-based buffer under-read) or possibly have unspecified other impact via a crafted TIFF image, related to ""READ of size 78490"" and libtiff/tif_unix.c:115:23."
CVE-2016-10269,7.8 HIGH,,, ?cpe:2.3:a:libtiff:libtiff:4.0.7:*:*:*:*:*:*:*,CWE-125,"https://blogs.gentoo.org/ago/2017/01/01/libtiff-multiple-heap-based-buffer-overflow/,https://github.com/vadz/libtiff/commit/1044b43637fa7f70fb19b93593777b78bd20da86",,"LibTIFF 4.0.0alpha4, 4.0.0alpha5, 4.0.0alpha6, 4.0.0beta7, 4.0.0, 4.0.1, 4.0.2, 4.0.3, 4.0.4, 4.0.4beta, 4.0.5, 4.0.6 and 4.0.7 allows remote attackers to cause a denial of service (heap-based buffer over-read) or possibly have unspecified other impact via a crafted TIFF image, related to ""READ of size 512"" and libtiff/tif_unix.c:340:2."
CVE-2016-10270,7.8 HIGH,,, ?cpe:2.3:a:libtiff:libtiff:4.0.7:*:*:*:*:*:*:*,CWE-125,"https://blogs.gentoo.org/ago/2017/01/01/libtiff-multiple-heap-based-buffer-overflow/,https://github.com/vadz/libtiff/commit/9a72a69e035ee70ff5c41541c8c61cd97990d018",,"LibTIFF 4.0.7 allows remote attackers to cause a denial of service (heap-based buffer over-read) or possibly have unspecified other impact via a crafted TIFF image, related to ""READ of size 8"" and libtiff/tif_read.c:523:22."
CVE-2016-10271,7.8 HIGH,,, ?cpe:2.3:a:libtiff:libtiff:4.0.7:*:*:*:*:*:*:*,CWE-119,"https://blogs.gentoo.org/ago/2017/01/01/libtiff-multiple-heap-based-buffer-overflow/,https://github.com/vadz/libtiff/commit/9657bbe3cdce4aaa90e07d50c1c70ae52da0ba6a",,"tools/tiffcrop.c in LibTIFF 4.0.7 allows remote attackers to cause a denial of service (heap-based buffer over-read and buffer overflow) or possibly have unspecified other impact via a crafted TIFF image, related to ""READ of size 1"" and libtiff/tif_fax3.c:413:13."
CVE-2016-10272,7.8 HIGH,,, ?cpe:2.3:a:libtiff:libtiff:4.0.7:*:*:*:*:*:*:*,CWE-119,"https://blogs.gentoo.org/ago/2017/01/01/libtiff-multiple-heap-based-buffer-overflow/,https://github.com/vadz/libtiff/commit/9657bbe3cdce4aaa90e07d50c1c70ae52da0ba6a",,"LibTIFF 4.0.7 allows remote attackers to cause a denial of service (heap-based buffer overflow) or possibly have unspecified other impact via a crafted TIFF image, related to ""WRITE of size 2048"" and libtiff/tif_next.c:64:9."
CVE-2017-7592,7.8 HIGH,,, ?cpe:2.3:a:libtiff:libtiff:4.0.7:*:*:*:*:*:*:*,CWE-20,,,"The putagreytile function in tif_getimage.c in LibTIFF 4.0.7 has a left-shift undefined behavior issue, which might allow remote attackers to cause a denial of service (application crash) or possibly have unspecified other impact via a crafted image."
CVE-2017-7593,5.5 MEDIUM,,, ?cpe:2.3:a:libtiff:libtiff:4.0.7:*:*:*:*:*:*:*,CWE-119,,,"tif_read.c in LibTIFF 4.0.7 does not ensure that tif_rawdata is properly initialized, which might allow remote attackers to obtain sensitive information from process memory via a crafted image."
CVE-2017-7594,5.5 MEDIUM,,, ?cpe:2.3:a:libtiff:libtiff:4.0.7:*:*:*:*:*:*:*,CWE-772,,,The OJPEGReadHeaderInfoSecTablesDcTable function in tif_ojpeg.c in LibTIFF 4.0.7 allows remote attackers to cause a denial of service (memory leak) via a crafted image.
CVE-2016-9534,9.8 CRITICAL,,, ?cpe:2.3:a:libtiff:libtiff:4.0.6:*:*:*:*:*:*:*,CWE-119,https://github.com/vadz/libtiff/commit/83a4b92815ea04969d494416eaae3d4c6b338e4a#diff-5be5ce02d0dea67050d5b2a10102d1ba,,"tif_write.c in libtiff 4.0.6 has an issue in the error code path of TIFFFlushData1() that didn't reset the tif_rawcc and tif_rawcp members. Reported as MSVR 35095, aka ""TIFFFlushData1 heap-buffer-overflow."""
CVE-2016-9535,9.8 CRITICAL,,, ?cpe:2.3:a:libtiff:libtiff:4.0.6:*:*:*:*:*:*:*,CWE-119,"https://github.com/vadz/libtiff/commit/3ca657a8793dd011bf869695d72ad31c779c3cc1,https://github.com/vadz/libtiff/commit/6a984bf7905c6621281588431f384e79d11a2e33",,"tif_predict.h and tif_predict.c in libtiff 4.0.6 have assertions that can lead to assertion failures in debug mode, or buffer overflows in release mode, when dealing with unusual tile size like YCbCr with subsampling. Reported as MSVR 35105, aka ""Predictor heap-buffer-overflow."""
CVE-2016-9536,9.8 CRITICAL,,, ?cpe:2.3:a:libtiff:libtiff:4.0.6:*:*:*:*:*:*:*,CWE-787,https://github.com/vadz/libtiff/commit/83a4b92815ea04969d494416eaae3d4c6b338e4a#diff-5173a9b3b48146e4fd86d7b9b346115e,,"tools/tiff2pdf.c in libtiff 4.0.6 has out-of-bounds write vulnerabilities in heap allocated buffers in t2p_process_jpeg_strip(). Reported as MSVR 35098, aka ""t2p_process_jpeg_strip heap-buffer-overflow."""
CVE-2016-9537,9.8 CRITICAL,,, ?cpe:2.3:a:libtiff:libtiff:4.0.6:*:*:*:*:*:*:*,CWE-119,https://github.com/vadz/libtiff/commit/83a4b92815ea04969d494416eaae3d4c6b338e4a#diff-c8b4b355f9b5c06d585b23138e1c185f,,"tools/tiffcrop.c in libtiff 4.0.6 has out-of-bounds write vulnerabilities in buffers. Reported as MSVR 35093, MSVR 35096, and MSVR 35097."
CVE-2016-9538,9.8 CRITICAL,,, ?cpe:2.3:a:libtiff:libtiff:4.0.6:*:*:*:*:*:*:*,CWE-190,https://github.com/vadz/libtiff/commit/43c0b81a818640429317c80fea1e66771e85024b#diff-c8b4b355f9b5c06d585b23138e1c185f,,tools/tiffcrop.c in libtiff 4.0.6 reads an undefined buffer in readContigStripsIntoBuffer() because of a uint16 integer overflow. Reported as MSVR 35100.
CVE-2016-9539,9.8 CRITICAL,,, ?cpe:2.3:a:libtiff:libtiff:4.0.6:*:*:*:*:*:*:*,CWE-125,https://github.com/vadz/libtiff/commit/ae9365db1b271b62b35ce018eac8799b1d5e8a53,,tools/tiffcrop.c in libtiff 4.0.6 has an out-of-bounds read in readContigTilesIntoBuffer(). Reported as MSVR 35092.
CVE-2016-9540,9.8 CRITICAL,,, ?cpe:2.3:a:libtiff:libtiff:4.0.6:*:*:*:*:*:*:*,CWE-119,https://github.com/vadz/libtiff/commit/5ad9d8016fbb60109302d558f7edb2cb2a3bb8e3,,"tools/tiffcp.c in libtiff 4.0.6 has an out-of-bounds write on tiled images with odd tile width versus image width. Reported as MSVR 35103, aka ""cpStripToTile heap-buffer-overflow."""
CVE-2015-8870,7.4 HIGH,,"Up to (including),4.0.3", ?cpe:2.3:a:libtiff:libtiff:*:*:*:*:*:*:*:*,CWE-20,http://download.osgeo.org/libtiff/tiff-4.0.4.tar.gz,,"Integer overflow in tools/bmp2tiff.c in LibTIFF before 4.0.4 allows remote attackers to cause a denial of service (heap-based buffer over-read), or possibly obtain sensitive information from process memory, via crafted width and length values in RLE4 or RLE8 data in a BMP file."
CVE-2016-5652,7.0 HIGH,,, ?cpe:2.3:a:libtiff:libtiff:4.0.6:*:*:*:*:*:*:*,CWE-119,,,An exploitable heap-based buffer overflow exists in the handling of TIFF images in LibTIFF's TIFF2PDF tool. A crafted TIFF document can lead to a heap-based buffer overflow resulting in remote code execution. Vulnerability can be triggered via a saved TIFF file delivered by other means.
CVE-2017-5225,9.8 CRITICAL,,, ?cpe:2.3:a:libtiff:libtiff:4.0.7:*:*:*:*:*:*:*,CWE-119,https://github.com/vadz/libtiff/commit/5c080298d59efa53264d7248bbe3a04660db6ef7,,LibTIFF version 4.0.7 is vulnerable to a heap buffer overflow in the tools/tiffcp resulting in DoS or code execution via a crafted BitsPerSample value.
CVE-2016-9273,5.5 MEDIUM,,, ?cpe:2.3:a:libtiff:libtiff:4.0.6:*:*:*:*:*:*:*,CWE-125,,,"tiffsplit in libtiff 4.0.6 allows remote attackers to cause a denial of service (out-of-bounds read) via a crafted file, related to changing td_nstrips in TIFF_STRIPCHOP mode."
CVE-2016-9297,7.5 HIGH,,, ?cpe:2.3:a:libtiff:libtiff:4.0.6:*:*:*:*:*:*:*,CWE-125,http://bugzilla.maptools.org/show_bug.cgi?id=2590,,The TIFFFetchNormalTag function in LibTiff 4.0.6 allows remote attackers to cause a denial of service (out-of-bounds read) via crafted TIFF_SETGET_C16ASCII or TIFF_SETGET_C32_ASCII tag values.
CVE-2016-5316,6.5 MEDIUM,,"Up to (including),4.0.6", ?cpe:2.3:a:libtiff:libtiff:*:*:*:*:*:*:*:*,CWE-125,,,Out-of-bounds read in the PixarLogCleanup function in tif_pixarlog.c in libtiff 4.0.6 and earlier allows remote attackers to crash the application by sending a crafted TIFF image to the rgb2ycbcr tool.
CVE-2016-5317,6.5 MEDIUM,,, ?cpe:2.3:a:libtiff:libtiff:4.0.6:*:*:*:*:*:*:*,CWE-119,,,"Buffer overflow in the PixarLogDecode function in libtiff.so in the PixarLogDecode function in libtiff 4.0.6 and earlier, as used in GNOME nautilus, allows attackers to cause a denial of service attack (crash) via a crafted TIFF file."
CVE-2016-5318,6.5 MEDIUM,,"Up to (including),4.0.6", ?cpe:2.3:a:libtiff:libtiff:*:*:*:*:*:*:*:*,CWE-119,,,Stack-based buffer overflow in the _TIFFVGetField function in libtiff 4.0.6 and earlier allows remote attackers to crash the application via a crafted tiff.
CVE-2016-5319,6.5 MEDIUM,,"Up to (including),4.0.6", ?cpe:2.3:a:libtiff:libtiff:*:*:*:*:*:*:*:*,CWE-119,,,Heap-based buffer overflow in tif_packbits.c in libtiff 4.0.6 and earlier allows remote attackers to crash the application via a crafted bmp file.
CVE-2016-5321,6.5 MEDIUM,,"Up to (including),4.0.6", ?cpe:2.3:a:libtiff:libtiff:*:*:*:*:*:*:*:*,CWE-119,,,The DumpModeDecode function in libtiff 4.0.6 and earlier allows attackers to cause a denial of service (invalid read and crash) via a crafted tiff image.
CVE-2016-5323,7.5 HIGH,,"Up to (including),4.0.6", ?cpe:2.3:a:libtiff:libtiff:*:*:*:*:*:*:*:*,CWE-369,,,The _TIFFFax3fillruns function in libtiff before 4.0.6 allows remote attackers to cause a denial of service (divide-by-zero error and application crash) via a crafted Tiff image.
CVE-2017-5563,8.8 HIGH,,, ?cpe:2.3:a:libtiff:libtiff:4.0.7:*:*:*:*:*:*:*,CWE-125,,,LibTIFF version 4.0.7 is vulnerable to a heap-based buffer over-read in tif_lzw.c resulting in DoS or code execution via a crafted bmp image to tools/bmp2tiff.
CVE-2016-6223,9.1 CRITICAL,,"Up to (including),4.0.6", ?cpe:2.3:a:libtiff:libtiff:*:*:*:*:*:*:*:*,CWE-189,http://libtiff.maptools.org/v4.0.7.html,,The TIFFReadRawStrip1 and TIFFReadRawTile1 functions in tif_read.c in libtiff before 4.0.7 allows remote attackers to cause a denial of service (crash) or possibly obtain sensitive information via a negative index in a file-content buffer.
CVE-2015-8683,5.5 MEDIUM,,, ?cpe:2.3:a:libtiff:libtiff:4.0.6:*:*:*:*:*:*:*,CWE-119,,,The putcontig8bitCIELab function in tif_getimage.c in LibTIFF 4.0.6 allows remote attackers to cause a denial of service (out-of-bounds read) via a packed TIFF image.
CVE-2015-8784,6.5 MEDIUM,,"Up to (excluding),4.0.7", ?cpe:2.3:a:libtiff:libtiff:*:*:*:*:*:*:*:*,CWE-787,https://github.com/vadz/libtiff/commit/b18012dae552f85dcc5c57d3bf4e997a15b1cc1c,,"The NeXTDecode function in tif_next.c in LibTIFF allows remote attackers to cause a denial of service (out-of-bounds write) via a crafted TIFF image, as demonstrated by libtiff5.tif."
CVE-2016-3186,6.2 MEDIUM,,, ?cpe:2.3:a:libtiff:libtiff:4.0.6:*:*:*:*:*:*:*,CWE-119,,,Buffer overflow in the readextension function in gif2tiff.c in LibTIFF 4.0.6 allows remote attackers to cause a denial of service (application crash) via a crafted GIF file.
CVE-2016-3632,7.8 HIGH,,"Up to (including),4.0.6", ?cpe:2.3:a:libtiff:libtiff:*:*:*:*:*:*:*:*,CWE-787,http://www.oracle.com/technetwork/topics/security/ovmbulletinjul2016-3090546.html,,The _TIFFVGetField function in tif_dirinfo.c in LibTIFF 4.0.6 and earlier allows remote attackers to cause a denial of service (out-of-bounds write) or execute arbitrary code via a crafted TIFF image.
CVE-2016-3945,7.8 HIGH,,"Up to (including),4.0.6", ?cpe:2.3:a:libtiff:libtiff:*:*:*:*:*:*:*:*,CWE-190,http://www.oracle.com/technetwork/topics/security/ovmbulletinjul2016-3090546.html,,"Multiple integer overflows in the (1) cvt_by_strip and (2) cvt_by_tile functions in the tiff2rgba tool in LibTIFF 4.0.6 and earlier, when -b mode is enabled, allow remote attackers to cause a denial of service (crash) or execute arbitrary code via a crafted TIFF image, which triggers an out-of-bounds write."
CVE-2016-3990,7.8 HIGH,,"Up to (including),4.0.6", ?cpe:2.3:a:libtiff:libtiff:*:*:*:*:*:*:*:*,CWE-119,http://www.oracle.com/technetwork/topics/security/ovmbulletinjul2016-3090546.html,,Heap-based buffer overflow in the horizontalDifference8 function in tif_pixarlog.c in LibTIFF 4.0.6 and earlier allows remote attackers to cause a denial of service (crash) or execute arbitrary code via a crafted TIFF image to tiffcp.
CVE-2016-3991,7.8 HIGH,,"Up to (including),4.0.6", ?cpe:2.3:a:libtiff:libtiff:*:*:*:*:*:*:*:*,CWE-119,http://www.oracle.com/technetwork/topics/security/ovmbulletinjul2016-3090546.html,,Heap-based buffer overflow in the loadImage function in the tiffcrop tool in LibTIFF 4.0.6 and earlier allows remote attackers to cause a denial of service (out-of-bounds write) or execute arbitrary code via a crafted TIFF image with zero tiles.
CVE-2016-3619,6.5 MEDIUM,,, ?cpe:2.3:a:libtiff:libtiff:4.0.6:*:*:*:*:*:*:*,CWE-125,,,"The DumpModeEncode function in tif_dumpmode.c in the bmp2tiff tool in LibTIFF 4.0.6 and earlier, when the ""-c none"" option is used, allows remote attackers to cause a denial of service (buffer over-read) via a crafted BMP image."
CVE-2016-3620,7.5 HIGH,,"Up to (including),4.0.6", ?cpe:2.3:a:libtiff:libtiff:*:*:*:*:*:*:*:*,CWE-125,,,"The ZIPEncode function in tif_zip.c in the bmp2tiff tool in LibTIFF 4.0.6 and earlier, when the ""-c zip"" option is used, allows remote attackers to cause a denial of service (buffer over-read) via a crafted BMP image."
CVE-2016-3621,8.8 HIGH,,"Up to (including),4.0.6", ?cpe:2.3:a:libtiff:libtiff:*:*:*:*:*:*:*:*,CWE-125,,,"The LZWEncode function in tif_lzw.c in the bmp2tiff tool in LibTIFF 4.0.6 and earlier, when the ""-c lzw"" option is used, allows remote attackers to cause a denial of service (buffer over-read) via a crafted BMP image."
CVE-2016-3622,6.5 MEDIUM,,, ?cpe:2.3:a:libtiff:libtiff:4.0.6:*:*:*:*:*:*:*,CWE-369,,,The fpAcc function in tif_predict.c in the tiff2rgba tool in LibTIFF 4.0.6 and earlier allows remote attackers to cause a denial of service (divide-by-zero error) via a crafted TIFF image.
CVE-2016-3623,7.5 HIGH,,"Up to (including),4.0.6", ?cpe:2.3:a:libtiff:libtiff:*:*:*:*:*:*:*:*,CWE-369,,,The rgb2ycbcr tool in LibTIFF 4.0.6 and earlier allows remote attackers to cause a denial of service (divide-by-zero) by setting the (1) v or (2) h parameter to 0.
CVE-2016-3624,7.5 HIGH,,"Up to (including),4.0.6", ?cpe:2.3:a:libtiff:libtiff:*:*:*:*:*:*:*:*,CWE-787,,,The cvtClump function in the rgb2ycbcr tool in LibTIFF 4.0.6 and earlier allows remote attackers to cause a denial of service (out-of-bounds write) by setting the "-v" option to -1.
CVE-2016-3625,6.5 MEDIUM,,"Up to (including),4.0.6", ?cpe:2.3:a:libtiff:libtiff:*:*:*:*:*:*:*:*,CWE-125,,,tif_read.c in the tiff2bw tool in LibTIFF 4.0.6 and earlier allows remote attackers to cause a denial of service (out-of-bounds read) via a crafted TIFF image.
CVE-2016-3631,7.5 HIGH,,"Up to (including),4.0.6", ?cpe:2.3:a:libtiff:libtiff:*:*:*:*:*:*:*:*,CWE-125,,,The (1) cpStrips and (2) cpTiles functions in the thumbnail tool in LibTIFF 4.0.6 and earlier allow remote attackers to cause a denial of service (out-of-bounds read) via vectors related to the bytecounts[] array variable.
CVE-2016-3633,7.5 HIGH,,"Up to (including),4.0.6", ?cpe:2.3:a:libtiff:libtiff:*:*:*:*:*:*:*:*,CWE-125,,,The setrow function in the thumbnail tool in LibTIFF 4.0.6 and earlier allows remote attackers to cause a denial of service (out-of-bounds read) via vectors related to the src variable.
CVE-2016-3634,7.5 HIGH,,"Up to (including),4.0.6", ?cpe:2.3:a:libtiff:libtiff:*:*:*:*:*:*:*:*,CWE-125,,,The tagCompare function in tif_dirinfo.c in the thumbnail tool in LibTIFF 4.0.6 and earlier allows remote attackers to cause a denial of service (out-of-bounds read) via vectors related to field_tag matching.
CVE-2016-3658,7.5 HIGH,,"Up to (including),4.0.6", ?cpe:2.3:a:libtiff:libtiff:*:*:*:*:*:*:*:*,CWE-125,,,The TIFFWriteDirectoryTagLongLong8Array function in tif_dirwrite.c in the tiffset tool in LibTIFF 4.0.6 and earlier allows remote attackers to cause a denial of service (out-of-bounds read) via vectors involving the ma variable.
CVE-2016-8331,8.1 HIGH,,, ?cpe:2.3:a:libtiff:libtiff:4.0.6:*:*:*:*:*:*:*,,,,An exploitable remote code execution vulnerability exists in the handling of TIFF images in LibTIFF version 4.0.6. A crafted TIFF document can lead to a type confusion vulnerability resulting in remote code execution. This vulnerability can be triggered via a TIFF file delivered to the application using LibTIFF's tag extension functionality.
CVE-2016-9533,9.8 CRITICAL,,, ?cpe:2.3:a:libtiff:libtiff:4.0.6:*:*:*:*:*:*:*,CWE-119,https://github.com/vadz/libtiff/commit/83a4b92815ea04969d494416eaae3d4c6b338e4a#diff-bdc795f6afeb9558c1012b3cfae729ef,,"tif_pixarlog.c in libtiff 4.0.6 has out-of-bounds write vulnerabilities in heap allocated buffers. Reported as MSVR 35094, aka ""PixarLog horizontalDifference heap-buffer-overflow."""
CVE-2010-4665,,,"Up to (including),3.9.4", ?cpe:2.3:a:libtiff:libtiff:3.4:*:*:*:*:*:*:*,CWE-189,"http://bugzilla.maptools.org/show_bug.cgi?id=2218,http://openwall.com/lists/oss-security/2011/04/12/10,http://www.remotesensing.org/libtiff/v3.9.5.html,https://bugzilla.redhat.com/show_bug.cgi?id=695887",,Integer overflow in the ReadDirectory function in tiffdump.c in tiffdump in LibTIFF before 3.9.5 allows remote attackers to cause a denial of service (application crash) or possibly have unspecified other impact via a crafted TIFF file containing a directory data structure with many directory entries.
CVE-2012-1173,,,, ?cpe:2.3:a:libtiff:libtiff:3.9.4:*:*:*:*:*:*:*,CWE-189,,,"Multiple integer overflows in tiff_getimage.c in LibTIFF 3.9.4 allow remote attackers to execute arbitrary code via a crafted tile size in a TIFF file, which is not properly handled by the (1) gtTileSeparate or (2) gtStripSeparate function, leading to a heap-based buffer overflow."
CVE-2012-2088,,,"Up to (including),3.9.4", ?cpe:2.3:a:libtiff:libtiff:3.4:*:*:*:*:*:*:*,CWE-189,,,"Integer signedness error in the TIFFReadDirectory function in tif_dirread.c in libtiff 3.9.4 and earlier allows remote attackers to cause a denial of service (application crash) and possibly execute arbitrary code via a negative tile depth in a tiff image, which triggers an improper conversion between signed and unsigned types, leading to a heap-based buffer overflow."
CVE-2012-2113,,,"Up to (including),4.0.1", ?cpe:2.3:a:libtiff:libtiff:3.4:*:*:*:*:*:*:*,CWE-189,,,"Multiple integer overflows in tiff2pdf in libtiff before 4.0.2 allow remote attackers to cause a denial of service (application crash) or possibly execute arbitrary code via a crafted tiff image, which triggers a heap-based buffer overflow."
CVE-2012-3401,,,"Up to (including),4.0.2", ?cpe:2.3:a:libtiff:libtiff:3.4:*:*:*:*:*:*:*,CWE-119,,,"The t2p_read_tiff_init function in tiff2pdf (tools/tiff2pdf.c) in LibTIFF 4.0.2 and earlier does not properly initialize the T2P context struct pointer in certain error conditions, which allows context-dependent attackers to cause a denial of service (crash) and possibly execute arbitrary code via a crafted TIFF image that triggers a heap-based buffer overflow."
CVE-2012-4447,,,"Up to (including),4.0.2", ?cpe:2.3:a:libtiff:libtiff:3.4:*:*:*:*:*:*:*,CWE-119,,,Heap-based buffer overflow in tif_pixarlog.c in LibTIFF before 4.0.3 allows remote attackers to cause a denial of service (application crash) and possibly execute arbitrary code via a crafted TIFF image using the PixarLog Compression format.
CVE-2012-4564,,,"Up to (including),4.0.3", ?cpe:2.3:a:libtiff:libtiff:*:*:*:*:*:*:*:*,,https://bugzilla.redhat.com/show_bug.cgi?id=871700,,"ppm2tiff does not check the return value of the TIFFScanlineSize function, which allows remote attackers to cause a denial of service (crash) and possibly execute arbitrary code via a crafted PPM image that triggers an integer overflow, a zero-memory allocation, and a heap-based buffer overflow."
CVE-2012-5581,,,"Up to (including),4.0.1", ?cpe:2.3:a:libtiff:libtiff:3.4:*:*:*:*:*:*:*,CWE-119,,,Stack-based buffer overflow in tif_dir.c in LibTIFF before 4.0.2 allows remote attackers to cause a denial of service (crash) and possibly execute arbitrary code via a crafted DOTRANGE tag in a TIFF image.
CVE-2013-4232,,,, ?cpe:2.3:a:libtiff:libtiff:4.0.3:*:*:*:*:*:*:*,CWE-399,"http://bugzilla.maptools.org/show_bug.cgi?id=2449,https://bugzilla.redhat.com/show_bug.cgi?id=995975",,Use-after-free vulnerability in the t2p_readwrite_pdf_image function in tools/tiff2pdf.c in libtiff 4.0.3 allows remote attackers to cause a denial of service (crash) or possibly execute arbitrary code via a crafted TIFF image.
CVE-2013-4243,,,"Up to (including),4.0.3", ?cpe:2.3:a:libtiff:libtiff:3.4:*:*:*:*:*:*:*,CWE-119,"http://bugzilla.maptools.org/show_bug.cgi?id=2451,https://bugzilla.redhat.com/show_bug.cgi?id=996052",,Heap-based buffer overflow in the readgifimage function in the gif2tiff tool in libtiff 4.0.3 and earlier allows remote attackers to cause a denial of service (crash) and possibly execute arbitrary code via a crafted height and width values in a GIF image.
CVE-2013-4244,,,"Up to (including),4.0.3", ?cpe:2.3:a:libtiff:libtiff:3.4:*:*:*:*:*:*:*,CWE-119,"http://bugzilla.maptools.org/show_bug.cgi?id=2452,https://bugzilla.redhat.com/show_bug.cgi?id=996468,https://github.com/vadz/libtiff/commit/ce6841d9e41d621ba23cf18b190ee6a23b2cc833",,The LZW decompressor in the gif2tiff tool in libtiff 4.0.3 and earlier allows context-dependent attackers to cause a denial of service (out-of-bounds write and crash) or possibly execute arbitrary code via a crafted GIF image.
CVE-2013-4231,,,"Up to (including),4.0.2", ?cpe:2.3:a:libtiff:libtiff:4.0:*:*:*:*:*:*:*,CWE-119,,,"Multiple buffer overflows in libtiff before 4.0.3 allow remote attackers to cause a denial of service (out-of-bounds write) via a crafted (1) extension block in a GIF image or (2) GIF raster image to tools/gif2tiff.c or (3) a long filename for a TIFF image to tools/rgb2ycbcr.c.  NOTE: vectors 1 and 3 are disputed by Red Hat, which states that the input cannot exceed the allocated buffer size."
CVE-2014-9330,,,, ?cpe:2.3:a:libtiff:libtiff:4.0.3:*:*:*:*:*:*:*,CWE-189,,,"Integer overflow in tif_packbits.c in bmp2tif in libtiff 4.0.3 allows remote attackers to cause a denial of service (crash) via crafted BMP image, related to dimensions, which triggers an out-of-bounds read."
CVE-2015-7554,9.8 CRITICAL,,, ?cpe:2.3:a:libtiff:libtiff:4.0.6:*:*:*:*:*:*:*,CWE-254,,,The _TIFFVGetField function in tif_dir.c in libtiff 4.0.6 allows attackers to cause a denial of service (invalid memory write and crash) or possibly have unspecified other impact via crafted field data in an extension tag in a TIFF image.
CVE-2015-8668,9.8 CRITICAL,,, ?cpe:2.3:a:libtiff:libtiff:4.0.6:*:*:*:*:*:*:*,CWE-119,,,Heap-based buffer overflow in the PackBitsPreEncode function in tif_packbits.c in bmp2tiff in libtiff 4.0.6 and earlier allows remote attackers to execute arbitrary code or cause a denial of service via a large width field in a BMP image.
CVE-2015-8781,6.5 MEDIUM,,"Up to (excluding),4.0.7", ?cpe:2.3:a:libtiff:libtiff:*:*:*:*:*:*:*:*,CWE-787,http://www.openwall.com/lists/oss-security/2016/01/24/3,,"tif_luv.c in libtiff allows attackers to cause a denial of service (out-of-bounds write) via an invalid number of samples per pixel in a LogL compressed TIFF image, a different vulnerability than CVE-2015-8782."
CVE-2015-8782,6.5 MEDIUM,,"Up to (excluding),4.0.7", ?cpe:2.3:a:libtiff:libtiff:*:*:*:*:*:*:*:*,CWE-787,http://www.openwall.com/lists/oss-security/2016/01/24/3,,"tif_luv.c in libtiff allows attackers to cause a denial of service (out-of-bounds writes) via a crafted TIFF image, a different vulnerability than CVE-2015-8781."
CVE-2015-8783,6.5 MEDIUM,,"Up to (excluding),4.0.7", ?cpe:2.3:a:libtiff:libtiff:*:*:*:*:*:*:*:*,CWE-125,http://www.openwall.com/lists/oss-security/2016/01/24/3,,tif_luv.c in libtiff allows attackers to cause a denial of service (out-of-bounds reads) via a crafted TIFF image.
CVE-2015-1547,6.5 MEDIUM,,"Up to (including),4.0.6", ?cpe:2.3:a:libtiff:libtiff:*:*:*:*:*:*:*:*,CWE-119,,,"The NeXTDecode function in tif_next.c in LibTIFF allows remote attackers to cause a denial of service (uninitialized memory access) via a crafted TIFF image, as demonstrated by libtiff5.tif."
CVE-2015-8665,5.5 MEDIUM,,, ?cpe:2.3:a:libtiff:libtiff:4.0.6:*:*:*:*:*:*:*,CWE-119,,,tif_getimage.c in LibTIFF 4.0.6 allows remote attackers to cause a denial of service (out-of-bounds read) via the SamplesPerPixel tag in a TIFF image.
CVE-2006-3460,,,"Up to (including),3.8.1", ?cpe:2.3:a:libtiff:libtiff:*:*:*:*:*:*:*:*,CWE-119,http://www.debian.org/security/2006/dsa-1137,,Heap-based buffer overflow in the JPEG decoder in the TIFF library (libtiff) before 3.8.2 allows context-dependent attackers to cause a denial of service and possibly execute arbitrary code via an encoded JPEG stream that is longer than the scan line size (TiffScanLineSize).
CVE-2006-3459,,,"Up to (including),3.8.1", ?cpe:2.3:a:libtiff:libtiff:3.4:*:*:*:*:*:*:*,CWE-119,http://www.debian.org/security/2006/dsa-1137,,"Multiple stack-based buffer overflows in the TIFF library (libtiff) before 3.8.2, as used in Adobe Reader 9.3.0 and other products, allow context-dependent attackers to execute arbitrary code or cause a denial of service via unspecified vectors, including a large tdir_count value in the TIFFFetchShortPair function in tif_dirread.c."
CVE-2008-2327,,,"Up to (including),3.8.2", ?cpe:2.3:a:libtiff:libtiff:3.4:*:*:*:*:*:*:*,CWE-119,http://www.debian.org/security/2008/dsa-1632,,"Multiple buffer underflows in the (1) LZWDecode, (2) LZWDecodeCompat, and (3) LZWDecodeVector functions in tif_lzw.c in the LZW decoder in LibTIFF 3.8.2 and earlier allow context-dependent attackers to execute arbitrary code via a crafted TIFF file, related to improper handling of the CODE_CLEAR code."
CVE-2009-2285,,,, ?cpe:2.3:a:libtiff:libtiff:3.8.2:*:*:*:*:*:*:*,CWE-119,,,"Buffer underflow in the LZWDecodeCompat function in libtiff 3.8.2 allows context-dependent attackers to cause a denial of service (crash) via a crafted TIFF image, a different vulnerability than CVE-2008-2327."
CVE-2009-2347,,,, ?cpe:2.3:a:libtiff:libtiff:3.8.0:*:*:*:*:*:*:*,CWE-189,"http://article.gmane.org/gmane.linux.debian.devel.changes.unstable/178563/,http://bugzilla.maptools.org/show_bug.cgi?id=2079,http://www.mandriva.com/security/advisories?name=MDVSA-2009:150,http://www.ocert.org/advisories/ocert-2009-012.html,http://www.securityfocus.com/bid/35652,http://www.vupen.com/english/advisories/2009/1870,https://bugzilla.redhat.com/show_bug.cgi?id=CVE-2009-2347",,"Multiple integer overflows in inter-color spaces conversion tools in libtiff 3.8 through 3.8.2, 3.9, and 4.0 allow context-dependent attackers to execute arbitrary code via a TIFF image with large (1) width and (2) height values, which triggers a heap-based buffer overflow in the (a) cvt_whole_image function in tiff2rgba and (b) tiffcvt function in rgb2ycbcr."
CVE-2010-2065,,,"Up to (including),3.9.2", ?cpe:2.3:a:libtiff:libtiff:3.4:*:*:*:*:*:*:*,CWE-189,,,Integer overflow in the TIFFroundup macro in LibTIFF before 3.9.3 allows remote attackers to cause a denial of service (application crash) or possibly execute arbitrary code via a crafted TIFF file that triggers a buffer overflow.
CVE-2010-2067,,,"Up to (excluding),3.9.4", ?cpe:2.3:a:libtiff:libtiff:*:*:*:*:*:*:*:*,CWE-119,,,Stack-based buffer overflow in the TIFFFetchSubjectDistance function in tif_dirread.c in LibTIFF before 3.9.4 allows remote attackers to cause a denial of service (application crash) or possibly execute arbitrary code via a long EXIF SubjectDistance field in a TIFF file.
CVE-2010-2443,,,"Up to (including),3.9.2", ?cpe:2.3:a:libtiff:libtiff:3.4:*:*:*:*:*:*:*,,,,"The OJPEGReadBufferFill function in tif_ojpeg.c in LibTIFF before 3.9.3 allows remote attackers to cause a denial of service (NULL pointer dereference and application crash) via an OJPEG image with undefined strip offsets, related to the TIFFVGetField function."
CVE-2010-2233,,,, ?cpe:2.3:a:libtiff:libtiff:3.9.0:*:*:*:*:*:*:*,CWE-20,"https://bugzilla.redhat.com/show_bug.cgi?id=583081,https://bugzilla.redhat.com/show_bug.cgi?id=607198",,"tif_getimage.c in LibTIFF 3.9.0 and 3.9.2 on 64-bit platforms, as used in ImageMagick, does not properly perform vertical flips, which allows remote attackers to cause a denial of service (application crash) or possibly execute arbitrary code via a crafted TIFF image, related to ""downsampled OJPEG input."""
CVE-2010-2595,,,, ?cpe:2.3:a:libtiff:libtiff:3.9.0:*:*:*:*:*:*:*,CWE-20,,,"The TIFFYCbCrtoRGB function in LibTIFF 3.9.0 and 3.9.2, as used in ImageMagick, does not properly handle invalid ReferenceBlackWhite values, which allows remote attackers to cause a denial of service (application crash) via a crafted TIFF image that triggers an array index error, related to ""downsampled OJPEG input."""
CVE-2010-2596,,,, ?cpe:2.3:a:libtiff:libtiff:3.9.0:*:*:*:*:*:*:*,CWE-20,,,"The OJPEGPostDecode function in tif_ojpeg.c in LibTIFF 3.9.0 and 3.9.2, as used in tiff2ps, allows remote attackers to cause a denial of service (assertion failure and application exit) via a crafted TIFF image, related to ""downsampled OJPEG input."""
CVE-2010-2597,,,, ?cpe:2.3:a:libtiff:libtiff:3.9.0:*:*:*:*:*:*:*,CWE-20,https://bugzilla.redhat.com/show_bug.cgi?id=603703,,"The TIFFVStripSize function in tif_strip.c in LibTIFF 3.9.0 and 3.9.2 makes incorrect calls to the TIFFGetField function, which allows remote attackers to cause a denial of service (application crash) via a crafted TIFF image, related to ""downsampled OJPEG input"" and possibly related to a compiler optimization that triggers a divide-by-zero error."
CVE-2010-2481,,,"Up to (including),3.9.3", ?cpe:2.3:a:libtiff:libtiff:3.4:*:*:*:*:*:*:*,CWE-119,http://bugzilla.maptools.org/show_bug.cgi?id=2210,,"The TIFFExtractData macro in LibTIFF before 3.9.4 does not properly handle unknown tag types in TIFF directory entries, which allows remote attackers to cause a denial of service (out-of-bounds read and application crash) via a crafted TIFF file."
CVE-2010-2482,,,"Up to (including),3.9.4", ?cpe:2.3:a:libtiff:libtiff:3.4:*:*:*:*:*:*:*,,,,"LibTIFF 3.9.4 and earlier does not properly handle an invalid td_stripbytecount field, which allows remote attackers to cause a denial of service (NULL pointer dereference and application crash) via a crafted TIFF file, a different vulnerability than CVE-2010-2443."
CVE-2010-2483,,,, ?cpe:2.3:a:libtiff:libtiff:3.9.0:*:*:*:*:*:*:*,CWE-119,,,The TIFFRGBAImageGet function in LibTIFF 3.9.0 allows remote attackers to cause a denial of service (out-of-bounds read and application crash) via a TIFF file with an invalid combination of SamplesPerPixel and Photometric values.
CVE-2010-2630,,,, ?cpe:2.3:a:libtiff:libtiff:3.9.0:*:*:*:*:*:*:*,CWE-20,"http://bugzilla.maptools.org/show_bug.cgi?id=2210,https://bugzilla.redhat.com/show_bug.cgi?id=554371",,"The TIFFReadDirectory function in LibTIFF 3.9.0 does not properly validate the data types of codec-specific tags that have an out-of-order position in a TIFF file, which allows remote attackers to cause a denial of service (application crash) via a crafted file, a different vulnerability than CVE-2010-2481."
CVE-2010-2631,,,, ?cpe:2.3:a:libtiff:libtiff:3.9.0:*:*:*:*:*:*:*,CWE-20,http://bugzilla.maptools.org/show_bug.cgi?id=2210,,"LibTIFF 3.9.0 ignores tags in certain situations during the first stage of TIFF file processing and does not properly handle this during the second stage, which allows remote attackers to cause a denial of service (application crash) via a crafted file, a different vulnerability than CVE-2010-2481."
CVE-2010-3087,,,, ?cpe:2.3:a:libtiff:libtiff:3.9.2-5.2.1:*:*:*:*:*:*:*,CWE-119,,,LibTIFF before 3.9.2-5.2.1 in SUSE openSUSE 11.3 allows remote attackers to cause a denial of service (memory corruption) or possibly execute arbitrary code via a crafted TIFF image.
CVE-2011-1167,,,"Up to (including),3.9.4", ?cpe:2.3:a:libtiff:libtiff:3.4:*:*:*:*:*:*:*,CWE-119,"http://bugzilla.maptools.org/show_bug.cgi?id=2300,https://bugzilla.redhat.com/show_bug.cgi?id=684939",,Heap-based buffer overflow in the thunder (aka ThunderScan) decoder in tif_thunder.c in LibTIFF 3.9.4 and earlier allows remote attackers to execute arbitrary code via crafted THUNDER_2BITDELTAS data in a .tiff file that has an unexpected BitsPerSample value.
CVE-2009-5022,,,"Up to (including),3.9.4", ?cpe:2.3:a:libtiff:libtiff:3.4:*:*:*:*:*:*:*,CWE-119,http://www.remotesensing.org/libtiff/v3.9.5.html,,Heap-based buffer overflow in tif_ojpeg.c in the OJPEG decoder in LibTIFF before 3.9.5 allows remote attackers to execute arbitrary code via a crafted TIFF file.
CVE-2004-1307,,,, ?cpe:2.3:a:libtiff:libtiff:3.4:*:*:*:*:*:*:*,,"http://lists.apple.com/archives/security-announce/2005/May/msg00001.html,http://www.idefense.com/application/poi/display?id=173&type=vulnerabilities&flashstatus=true,http://www.kb.cert.org/vuls/id/539110",,"Integer overflow in the TIFFFetchStripThing function in tif_dirread.c for libtiff 3.6.1 allows remote attackers to execute arbitrary code via a TIFF file with the STRIPOFFSETS flag and a large number of strips, which causes a zero byte buffer to be allocated and leads to a heap-based buffer overflow."
CVE-2004-0803,,,, ?cpe:2.3:a:libtiff:libtiff:3.4:*:*:*:*:*:*:*,,"http://www.debian.org/security/2004/dsa-567,http://www.redhat.com/support/errata/RHSA-2004-577.html",,"Multiple vulnerabilities in the RLE (run length encoding) decoders for libtiff 3.6.1 and earlier, related to buffer overflows and integer overflows, allow remote attackers to execute arbitrary code via TIFF files."
CVE-2004-1183,,,, ?cpe:2.3:a:libtiff:libtiff:3.4:*:*:*:*:*:*:*,,"http://security.gentoo.org/glsa/glsa-200501-06.xml,http://www.novell.com/linux/security/advisories/2005_01_libtiff_tiff.html",,Integer overflow in the tiffdump utility for libtiff 3.7.1 and earlier allows remote attackers to cause a denial of service (application crash) and possibly execute arbitrary code via a crafted TIFF file.
CVE-2004-1308,,,, ?cpe:2.3:a:libtiff:libtiff:3.4:*:*:*:*:*:*:*,,http://www.idefense.com/application/poi/display?id=174&type=vulnerabilities,,"Integer overflow in (1) tif_dirread.c and (2) tif_fax3.c for libtiff 3.5.7 and 3.7.0 allows remote attackers to execute arbitrary code via a TIFF file containing a TIFF_ASCII or TIFF_UNDEFINED directory entry with a -1 entry count, which leads to a heap-based buffer overflow."
CVE-2004-0929,,,, ?cpe:2.3:a:libtiff:libtiff:3.6.1:*:*:*:*:*:*:*,,http://www.idefense.com/application/poi/display?id=154&type=vulnerabilities,,"Heap-based buffer overflow in the OJPEGVSetField function in tif_ojpeg.c for libtiff 3.6.1 and earlier, when compiled with the OJPEG_SUPPORT (old JPEG support) option, allows remote attackers to execute arbitrary code via a malformed TIFF image."
CVE-2004-0886,,,, ?cpe:2.3:a:libtiff:libtiff:3.4:*:*:*:*:*:*:*,,"http://www.redhat.com/support/errata/RHSA-2004-577.html,http://www.securityfocus.com/bid/11406",,Multiple integer overflows in libtiff 3.6.1 and earlier allow remote attackers to cause a denial of service (crash or memory corruption) via TIFF images that lead to incorrect malloc calls.
CVE-2005-1544,,,, ?cpe:2.3:a:libtiff:libtiff:3.4:*:*:*:*:*:*:*,,http://bugs.gentoo.org/show_bug.cgi?id=91584,,Stack-based buffer overflow in libTIFF before 3.7.2 allows remote attackers to execute arbitrary code via a TIFF file with a malformed BitsPerSample tag.
CVE-2005-2452,,,, ?cpe:2.3:a:libtiff:libtiff:3.5.5:*:*:*:*:*:*:*,,,,"libtiff up to 3.7.0 allows remote attackers to cause a denial of service (application crash) via a TIFF image header with a zero ""YCbCr subsampling"" value, which causes a divide-by-zero error in (1) tif_strip.c and (2) tif_tile.c, a different vulnerability than CVE-2004-0804."
CVE-2006-0405,,,, ?cpe:2.3:a:libtiff:libtiff:3.8.0:*:*:*:*:*:*:*,,,,"The TIFFFetchShortPair function in tif_dirread.c in libtiff 3.8.0 allows remote attackers to cause a denial of service (application crash) via a crafted TIFF image that triggers a NULL pointer dereference, possibly due to changes in type declarations and/or the TIFFVSetField function."
CVE-2006-2026,,,"Up to (including),3.8.0", ?cpe:2.3:a:libtiff:libtiff:3.4:*:*:*:*:*:*:*,CWE-119,"http://bugzilla.remotesensing.org/show_bug.cgi?id=1102,https://bugzilla.redhat.com/bugzilla/show_bug.cgi?id=189933",,Double free vulnerability in tif_jpeg.c in libtiff before 3.8.1 allows context-dependent attackers to cause a denial of service (crash) and possibly execute arbitrary code via a crafted TIFF image that triggers errors related to "setfield/getfield methods in cleanup functions."
CVE-2006-2025,,,"Up to (including),3.8.0", ?cpe:2.3:a:libtiff:libtiff:3.4:*:*:*:*:*:*:*,,"http://bugzilla.remotesensing.org/show_bug.cgi?id=1102,https://bugzilla.redhat.com/bugzilla/show_bug.cgi?id=189933",,Integer overflow in the TIFFFetchData function in tif_dirread.c for libtiff before 3.8.1 allows context-dependent attackers to cause a denial of service and possibly execute arbitrary code via a crafted TIFF image.
CVE-2006-2024,,,"Up to (including),3.8.0", ?cpe:2.3:a:libtiff:libtiff:3.4:*:*:*:*:*:*:*,,https://bugzilla.redhat.com/bugzilla/show_bug.cgi?id=189933,,"Multiple vulnerabilities in libtiff before 3.8.1 allow context-dependent attackers to cause a denial of service via a TIFF image that triggers errors in (1) the TIFFFetchAnyArray function in (a) tif_dirread.c; (2) certain ""codec cleanup methods"" in (b) tif_lzw.c, (c) tif_pixarlog.c, and (d) tif_zip.c; (3) and improper restoration of setfield and getfield methods in cleanup functions within (e) tif_jpeg.c, tif_pixarlog.c, (f) tif_fax3.c, and tif_zip.c."
CVE-2006-2120,,,, ?cpe:2.3:a:libtiff:libtiff:3.8.1:*:*:*:*:*:*:*,,"http://bugzilla.remotesensing.org/show_bug.cgi?id=1065,https://bugzilla.redhat.com/bugzilla/show_bug.cgi?id=189974",,"The TIFFToRGB function in libtiff before 3.8.1 allows remote attackers to cause a denial of service (crash) via a crafted TIFF image with Yr/Yg/Yb values that exceed the YCR/YCG/YCB values, which triggers an out-of-bounds read."
CVE-2006-2656,,,"Up to (including),3.8.2", ?cpe:2.3:a:libtiff:libtiff:3.4:*:*:*:*:*:*:*,CWE-119,https://www.redhat.com/archives/fedora-package-announce/2006-May/msg00127.html,,"Stack-based buffer overflow in the tiffsplit command in libtiff 3.8.2 and earlier might might allow attackers to execute arbitrary code via a long filename.  NOTE: tiffsplit is not setuid.  If there is not a common scenario under which tiffsplit is called with attacker-controlled command line arguments, then perhaps this issue should not be included in CVE."
CVE-2006-2193,,,"Up to (including),3.8.2", ?cpe:2.3:a:libtiff:libtiff:3.4:*:*:*:*:*:*:*,,"http://bugzilla.remotesensing.org/show_bug.cgi?id=1196,http://www.debian.org/security/2006/dsa-1091",,"Buffer overflow in the t2p_write_pdf_string function in tiff2pdf in libtiff 3.8.2 and earlier allows attackers to cause a denial of service (crash) and possibly execute arbitrary code via a TIFF file with a DocumentName tag that contains UTF-8 characters, which triggers the overflow when a character is sign extended to an integer that produces more digits than expected in an sprintf call."
CVE-2006-3465,,,"Up to (including),3.8.1", ?cpe:2.3:a:libtiff:libtiff:*:*:*:*:*:*:*:*,,http://www.debian.org/security/2006/dsa-1137,,Unspecified vulnerability in the custom tag support for the TIFF library (libtiff) before 3.8.2 allows remote attackers to cause a denial of service (instability or crash) and execute arbitrary code via unknown vectors.
CVE-2006-3464,,,"Up to (including),3.8.1", ?cpe:2.3:a:libtiff:libtiff:*:*:*:*:*:*:*:*,CWE-189,"ftp://patches.sgi.com/support/free/security/advisories/20060901-01-P.asc,http://www.debian.org/security/2006/dsa-1137",,"TIFF library (libtiff) before 3.8.2 allows context-dependent attackers to pass numeric range checks and possibly execute code, and trigger assert errors, via large offset values in a TIFF directory that lead to an integer overflow and other unspecified vectors involving ""unchecked arithmetic operations""."
CVE-2006-3463,,,"Up to (including),3.8.1", ?cpe:2.3:a:libtiff:libtiff:*:*:*:*:*:*:*:*,CWE-119,http://www.debian.org/security/2006/dsa-1137,,"The EstimateStripByteCounts function in TIFF library (libtiff) before 3.8.2 uses a 16-bit unsigned short when iterating over an unsigned 32-bit value, which allows context-dependent attackers to cause a denial of service via a large td_nstrips value, which triggers an infinite loop."
CVE-2006-3462,,,"Up to (including),3.8.1", ?cpe:2.3:a:libtiff:libtiff:*:*:*:*:*:*:*:*,CWE-119,http://www.debian.org/security/2006/dsa-1137,,Heap-based buffer overflow in the NeXT RLE decoder in the TIFF library (libtiff) before 3.8.2 might allow context-dependent attackers to execute arbitrary code via unknown vectors involving decoding large RLE images.
CVE-2006-3461,,,"Up to (including),3.8.1", ?cpe:2.3:a:libtiff:libtiff:*:*:*:*:*:*:*:*,,http://www.debian.org/security/2006/dsa-1137,,Heap-based buffer overflow in the PixarLog decoder in the TIFF library (libtiff) before 3.8.2 might allow context-dependent attackers to execute arbitrary code via unknown vectors.
CVE-2004-0804,,,"Up to (excluding),3.7.0", ?cpe:2.3:a:libtiff:libtiff:*:*:*:*:*:*:*:*,CWE-369,http://www.redhat.com/support/errata/RHSA-2004-577.html,,"Vulnerability in tif_dirread.c for libtiff allows remote attackers to cause a denial of service (application crash) via a TIFF image that causes a divide-by-zero error when the number of row bytes is zero, a different vulnerability than CVE-2005-2452."
